Actual_Category,Predicted_Category,Count
FINANCE,ACCOUNTANT,9
ARTS,TEACHER,5
CONSULTANT,PUBLIC-RELATIONS,5
SALES,BUSINESS-DEVELOPMENT,3
CONSULTANT,ACCOUNTANT,3
ACCOUNTANT,SALES,2
AVIATION,ENGINEERING,2
CHEF,TEACHER,2
FITNESS,TEACHER,2
ENGINEERING,CONSTRUCTION,2
APPAREL,BUSINESS-DEVELOPMENT,2
APPAREL,SALES,2
AGRICULTURE,ENGINEERING,2
FITNESS,SALES,2
CONSULTANT,SALES,2
ADVOCATE,HR,2
ADVOCATE,BUSINESS-DEVELOPMENT,1
ADVOCATE,HEALTHCARE,1
ADVOCATE,PUBLIC-RELATIONS,1
AGRICULTURE,TEACHER,1
AGRICULTURE,PUBLIC-RELATIONS,1
ACCOUNTANT,ADVOCATE,1
APPAREL,PUBLIC-RELATIONS,1
APPAREL,HR,1
ARTS,BPO,1
ARTS,ADVOCATE,1
ARTS,DIGITAL-MEDIA,1
ARTS,HEALTHCARE,1
ARTS,PUBLIC-RELATIONS,1
ADVOCATE,SALES,1
APPAREL,AUTOMOBILE,1
APPAREL,ADVOCATE,1
APPAREL,DESIGNER,1
APPAREL,CONSTRUCTION,1
APPAREL,ENGINEERING,1
APPAREL,FITNESS,1
AGRICULTURE,ADVOCATE,1
AGRICULTURE,CONSULTANT,1
BANKING,CONSULTANT,1
BANKING,AUTOMOBILE,1
BANKING,ACCOUNTANT,1
AVIATION,HR,1
AVIATION,FINANCE,1
AUTOMOBILE,ENGINEERING,1
AUTOMOBILE,AVIATION,1
AUTOMOBILE,ADVOCATE,1
ARTS,AVIATION,1
BUSINESS-DEVELOPMENT,HR,1
CHEF,CONSTRUCTION,1
BUSINESS-DEVELOPMENT,PUBLIC-RELATIONS,1
BPO,HEALTHCARE,1
BANKING,FITNESS,1
BPO,BANKING,1
BANKING,INFORMATION-TECHNOLOGY,1
CONSTRUCTION,CONSULTANT,1
CONSTRUCTION,BANKING,1
CHEF,SALES,1
CONSTRUCTION,ENGINEERING,1
CONSULTANT,ADVOCATE,1
CONSULTANT,DESIGNER,1
CONSULTANT,HEALTHCARE,1
CONSTRUCTION,DESIGNER,1
CONSULTANT,INFORMATION-TECHNOLOGY,1
DESIGNER,CONSTRUCTION,1
DESIGNER,PUBLIC-RELATIONS,1
CHEF,ADVOCATE,1
CHEF,HEALTHCARE,1
BUSINESS-DEVELOPMENT,ACCOUNTANT,1
BUSINESS-DEVELOPMENT,DIGITAL-MEDIA,1
BPO,BUSINESS-DEVELOPMENT,1
DIGITAL-MEDIA,BUSINESS-DEVELOPMENT,1
DIGITAL-MEDIA,BANKING,1
DIGITAL-MEDIA,ARTS,1
DIGITAL-MEDIA,APPAREL,1
DIGITAL-MEDIA,ADVOCATE,1
ENGINEERING,BPO,1
DIGITAL-MEDIA,PUBLIC-RELATIONS,1
ENGINEERING,INFORMATION-TECHNOLOGY,1
FINANCE,ADVOCATE,1
ENGINEERING,TEACHER,1
FITNESS,AVIATION,1
HEALTHCARE,AGRICULTURE,1
HEALTHCARE,ARTS,1
HEALTHCARE,CHEF,1
HEALTHCARE,DIGITAL-MEDIA,1
DIGITAL-MEDIA,INFORMATION-TECHNOLOGY,1
HEALTHCARE,FINANCE,1
HEALTHCARE,FITNESS,1
HR,ADVOCATE,1
HEALTHCARE,INFORMATION-TECHNOLOGY,1
PUBLIC-RELATIONS,CHEF,1
PUBLIC-RELATIONS,FITNESS,1
PUBLIC-RELATIONS,HR,1
PUBLIC-RELATIONS,BANKING,1
PUBLIC-RELATIONS,SALES,1
SALES,AGRICULTURE,1
SALES,APPAREL,1
SALES,ARTS,1
SALES,CONSTRUCTION,1
TEACHER,ARTS,1
TEACHER,BUSINESS-DEVELOPMENT,1
TEACHER,HEALTHCARE,1
